idna_subject,checker_type,destination,source,tested_at
scarlatinastudyo.forum.ac,AVAILABILITY,rpz.mypdns.cloud.list,/home/runner/work/rpz.mypdns.cloud/rpz.mypdns.cloud/rpz.mypdns.cloud.list,2021-01-24 15:34:46.119276
www.scarlatinastudyo.forum.ac,AVAILABILITY,rpz.mypdns.cloud.list,/home/runner/work/rpz.mypdns.cloud/rpz.mypdns.cloud/rpz.mypdns.cloud.list,2021-01-24 15:38:00.126140
www.putlocker.ac,AVAILABILITY,rpz.mypdns.cloud.list,/home/runner/work/rpz.mypdns.cloud/rpz.mypdns.cloud/rpz.mypdns.cloud.list,2021-01-24 15:56:16.596250
twit.ac,AVAILABILITY,rpz.mypdns.cloud.list,/home/runner/work/rpz.mypdns.cloud/rpz.mypdns.cloud/rpz.mypdns.cloud.list,2021-01-24 21:58:35.882887
apple-ios.academy,AVAILABILITY,rpz.mypdns.cloud.list,/home/runner/work/rpz.mypdns.cloud/rpz.mypdns.cloud/rpz.mypdns.cloud.list,2021-01-24 22:01:13.592613
www.apple-ios.academy,AVAILABILITY,rpz.mypdns.cloud.list,/home/runner/work/rpz.mypdns.cloud/rpz.mypdns.cloud/rpz.mypdns.cloud.list,2021-01-24 22:03:50.179175
bittrex.academy,AVAILABILITY,rpz.mypdns.cloud.list,/home/runner/work/rpz.mypdns.cloud/rpz.mypdns.cloud/rpz.mypdns.cloud.list,2021-01-24 22:06:58.757667
www.bittrex.academy,AVAILABILITY,rpz.mypdns.cloud.list,/home/runner/work/rpz.mypdns.cloud/rpz.mypdns.cloud/rpz.mypdns.cloud.list,2021-01-24 22:10:12.054295
fct.academy,AVAILABILITY,rpz.mypdns.cloud.list,/home/runner/work/rpz.mypdns.cloud/rpz.mypdns.cloud/rpz.mypdns.cloud.list,2021-01-24 22:14:55.556770
www.fct.academy,AVAILABILITY,rpz.mypdns.cloud.list,/home/runner/work/rpz.mypdns.cloud/rpz.mypdns.cloud/rpz.mypdns.cloud.list,2021-01-24 22:18:06.479706
pornhub.academy,AVAILABILITY,rpz.mypdns.cloud.list,/home/runner/work/rpz.mypdns.cloud/rpz.mypdns.cloud/rpz.mypdns.cloud.list,2021-01-24 22:21:14.284870
www.pornhub.academy,AVAILABILITY,rpz.mypdns.cloud.list,/home/runner/work/rpz.mypdns.cloud/rpz.mypdns.cloud/rpz.mypdns.cloud.list,2021-01-24 22:24:22.174418
realestatesschools.academy,AVAILABILITY,rpz.mypdns.cloud.list,/home/runner/work/rpz.mypdns.cloud/rpz.mypdns.cloud/rpz.mypdns.cloud.list,2021-01-24 22:27:30.456686
www.realestatesschools.academy,AVAILABILITY,rpz.mypdns.cloud.list,/home/runner/work/rpz.mypdns.cloud/rpz.mypdns.cloud/rpz.mypdns.cloud.list,2021-01-24 22:30:43.311349
www.youtuber.academy,AVAILABILITY,rpz.mypdns.cloud.list,/home/runner/work/rpz.mypdns.cloud/rpz.mypdns.cloud/rpz.mypdns.cloud.list,2021-01-24 22:33:51.993092
adobecom.accountant,AVAILABILITY,rpz.mypdns.cloud.list,/home/runner/work/rpz.mypdns.cloud/rpz.mypdns.cloud/rpz.mypdns.cloud.list,2021-01-24 22:37:03.479957
www.adobecom.accountant,AVAILABILITY,rpz.mypdns.cloud.list,/home/runner/work/rpz.mypdns.cloud/rpz.mypdns.cloud/rpz.mypdns.cloud.list,2021-01-26 19:01:26.822832
ap76rmx3.accountant,AVAILABILITY,rpz.mypdns.cloud.list,/home/runner/work/rpz.mypdns.cloud/rpz.mypdns.cloud/rpz.mypdns.cloud.list,2021-01-26 19:04:39.011239
appleao.accountant,AVAILABILITY,rpz.mypdns.cloud.list,/home/runner/work/rpz.mypdns.cloud/rpz.mypdns.cloud/rpz.mypdns.cloud.list,2021-01-26 19:07:49.454835
appleegg.accountant,AVAILABILITY,rpz.mypdns.cloud.list,/home/runner/work/rpz.mypdns.cloud/rpz.mypdns.cloud/rpz.mypdns.cloud.list,2021-01-26 19:11:01.121152
appleidine.accountant,AVAILABILITY,rpz.mypdns.cloud.list,/home/runner/work/rpz.mypdns.cloud/rpz.mypdns.cloud/rpz.mypdns.cloud.list,2021-01-26 19:14:09.797820
appleimmediate.accountant,AVAILABILITY,rpz.mypdns.cloud.list,/home/runner/work/rpz.mypdns.cloud/rpz.mypdns.cloud/rpz.mypdns.cloud.list,2021-01-26 19:17:18.552467
www.appleimmediate.accountant,AVAILABILITY,rpz.mypdns.cloud.list,/home/runner/work/rpz.mypdns.cloud/rpz.mypdns.cloud/rpz.mypdns.cloud.list,2021-01-26 19:20:28.496812
applekungen.accountant,AVAILABILITY,rpz.mypdns.cloud.list,/home/runner/work/rpz.mypdns.cloud/rpz.mypdns.cloud/rpz.mypdns.cloud.list,2021-01-26 19:23:38.132056
appleom.accountant,AVAILABILITY,rpz.mypdns.cloud.list,/home/runner/work/rpz.mypdns.cloud/rpz.mypdns.cloud/rpz.mypdns.cloud.list,2021-01-26 19:26:46.607557
appleoneus.accountant,AVAILABILITY,rpz.mypdns.cloud.list,/home/runner/work/rpz.mypdns.cloud/rpz.mypdns.cloud/rpz.mypdns.cloud.list,2021-01-26 19:29:54.666168
applereply.accountant,AVAILABILITY,rpz.mypdns.cloud.list,/home/runner/work/rpz.mypdns.cloud/rpz.mypdns.cloud/rpz.mypdns.cloud.list,2021-01-26 19:33:06.894312
applessmile.accountant,AVAILABILITY,rpz.mypdns.cloud.list,/home/runner/work/rpz.mypdns.cloud/rpz.mypdns.cloud/rpz.mypdns.cloud.list,2021-01-26 19:36:22.462588
www.applessmile.accountant,AVAILABILITY,rpz.mypdns.cloud.list,/home/runner/work/rpz.mypdns.cloud/rpz.mypdns.cloud/rpz.mypdns.cloud.list,2021-01-26 19:56:07.157100
appletreemt.accountant,AVAILABILITY,rpz.mypdns.cloud.list,/home/runner/work/rpz.mypdns.cloud/rpz.mypdns.cloud/rpz.mypdns.cloud.list,2021-01-26 19:59:23.882155
asperdesgifts.accountant,AVAILABILITY,rpz.mypdns.cloud.list,/home/runner/work/rpz.mypdns.cloud/rpz.mypdns.cloud/rpz.mypdns.cloud.list,2021-01-26 20:02:40.804297
capple.accountant,AVAILABILITY,rpz.mypdns.cloud.list,/home/runner/work/rpz.mypdns.cloud/rpz.mypdns.cloud/rpz.mypdns.cloud.list,2021-01-26 20:05:59.592733
coccoc.accountant,AVAILABILITY,rpz.mypdns.cloud.list,/home/runner/work/rpz.mypdns.cloud/rpz.mypdns.cloud/rpz.mypdns.cloud.list,2021-01-26 20:09:14.850848
www.coccoc.accountant,AVAILABILITY,rpz.mypdns.cloud.list,/home/runner/work/rpz.mypdns.cloud/rpz.mypdns.cloud/rpz.mypdns.cloud.list,2021-01-26 20:12:35.504395
code-4t0bf2m1d8njeebnh.accountant,AVAILABILITY,rpz.mypdns.cloud.list,/home/runner/work/rpz.mypdns.cloud/rpz.mypdns.cloud/rpz.mypdns.cloud.list,2021-01-26 20:15:21.379093
www.code-4t0bf2m1d8njeebnh.accountant,AVAILABILITY,rpz.mypdns.cloud.list,/home/runner/work/rpz.mypdns.cloud/rpz.mypdns.cloud/rpz.mypdns.cloud.list,2021-01-26 20:18:04.727251
com-analysis-safety-antimalware-support.accountant,AVAILABILITY,rpz.mypdns.cloud.list,/home/runner/work/rpz.mypdns.cloud/rpz.mypdns.cloud/rpz.mypdns.cloud.list,2021-01-26 20:20:47.087572
apple.com-analysis-safety-antimalware-support.accountant,AVAILABILITY,rpz.mypdns.cloud.list,/home/runner/work/rpz.mypdns.cloud/rpz.mypdns.cloud/rpz.mypdns.cloud.list,2021-01-26 20:23:30.504516
dapple.accountant,AVAILABILITY,rpz.mypdns.cloud.list,/home/runner/work/rpz.mypdns.cloud/rpz.mypdns.cloud/rpz.mypdns.cloud.list,2021-01-26 20:26:46.775619
de-flashplayer-update.accountant,AVAILABILITY,rpz.mypdns.cloud.list,/home/runner/work/rpz.mypdns.cloud/rpz.mypdns.cloud/rpz.mypdns.cloud.list,2021-01-26 20:29:36.564939
de-true-valid-logincenter.accountant,AVAILABILITY,rpz.mypdns.cloud.list,/home/runner/work/rpz.mypdns.cloud/rpz.mypdns.cloud/rpz.mypdns.cloud.list,2021-01-26 20:32:21.625688
email-login.accountant,AVAILABILITY,rpz.mypdns.cloud.list,/home/runner/work/rpz.mypdns.cloud/rpz.mypdns.cloud/rpz.mypdns.cloud.list,2021-01-26 20:47:31.182198
www.email-login.accountant,AVAILABILITY,rpz.mypdns.cloud.list,/home/runner/work/rpz.mypdns.cloud/rpz.mypdns.cloud/rpz.mypdns.cloud.list,2021-01-26 20:50:15.944713
errorapplication.accountant,AVAILABILITY,rpz.mypdns.cloud.list,/home/runner/work/rpz.mypdns.cloud/rpz.mypdns.cloud/rpz.mypdns.cloud.list,2021-01-26 20:53:25.126596
www.errorapplication.accountant,AVAILABILITY,rpz.mypdns.cloud.list,/home/runner/work/rpz.mypdns.cloud/rpz.mypdns.cloud/rpz.mypdns.cloud.list,2021-01-26 20:56:41.939564
errorh.accountant,AVAILABILITY,rpz.mypdns.cloud.list,/home/runner/work/rpz.mypdns.cloud/rpz.mypdns.cloud/rpz.mypdns.cloud.list,2021-01-26 20:59:51.346644
glutteredwinners.accountant,AVAILABILITY,rpz.mypdns.cloud.list,/home/runner/work/rpz.mypdns.cloud/rpz.mypdns.cloud/rpz.mypdns.cloud.list,2021-01-26 21:03:06.585613
hostingcloud.accountant,AVAILABILITY,rpz.mypdns.cloud.list,/home/runner/work/rpz.mypdns.cloud/rpz.mypdns.cloud/rpz.mypdns.cloud.list,2021-01-26 21:06:17.524561
www.hostingcloud.accountant,AVAILABILITY,rpz.mypdns.cloud.list,/home/runner/work/rpz.mypdns.cloud/rpz.mypdns.cloud/rpz.mypdns.cloud.list,2021-01-26 21:09:35.095920
iapple.accountant,AVAILABILITY,rpz.mypdns.cloud.list,/home/runner/work/rpz.mypdns.cloud/rpz.mypdns.cloud/rpz.mypdns.cloud.list,2021-01-26 21:12:46.175620
incapablewinners.accountant,AVAILABILITY,rpz.mypdns.cloud.list,/home/runner/work/rpz.mypdns.cloud/rpz.mypdns.cloud/rpz.mypdns.cloud.list,2021-01-26 21:17:31.393068
johnwinners.accountant,AVAILABILITY,rpz.mypdns.cloud.list,/home/runner/work/rpz.mypdns.cloud/rpz.mypdns.cloud/rpz.mypdns.cloud.list,2021-01-26 21:20:41.374795
login-microsoftexchange.accountant,AVAILABILITY,rpz.mypdns.cloud.list,/home/runner/work/rpz.mypdns.cloud/rpz.mypdns.cloud/rpz.mypdns.cloud.list,2021-01-26 21:23:20.031984
mail-login.accountant,AVAILABILITY,rpz.mypdns.cloud.list,/home/runner/work/rpz.mypdns.cloud/rpz.mypdns.cloud/rpz.mypdns.cloud.list,2021-01-26 21:49:37.790465
www.mail-login.accountant,AVAILABILITY,rpz.mypdns.cloud.list,/home/runner/work/rpz.mypdns.cloud/rpz.mypdns.cloud/rpz.mypdns.cloud.list,2021-01-26 21:52:17.953023
malware.accountant,AVAILABILITY,rpz.mypdns.cloud.list,/home/runner/work/rpz.mypdns.cloud/rpz.mypdns.cloud/rpz.mypdns.cloud.list,2021-01-26 21:55:29.122353
www.malware.accountant,AVAILABILITY,rpz.mypdns.cloud.list,/home/runner/work/rpz.mypdns.cloud/rpz.mypdns.cloud/rpz.mypdns.cloud.list,2021-01-26 21:58:43.931361
mapple.accountant,AVAILABILITY,rpz.mypdns.cloud.list,/home/runner/work/rpz.mypdns.cloud/rpz.mypdns.cloud/rpz.mypdns.cloud.list,2021-01-26 22:01:53.236894
megaproessay.accountant,AVAILABILITY,rpz.mypdns.cloud.list,/home/runner/work/rpz.mypdns.cloud/rpz.mypdns.cloud/rpz.mypdns.cloud.list,2021-01-26 22:05:02.503800
www.megaproessay.accountant,AVAILABILITY,rpz.mypdns.cloud.list,/home/runner/work/rpz.mypdns.cloud/rpz.mypdns.cloud/rpz.mypdns.cloud.list,2021-01-26 22:08:11.959453
michelehawkinsloop.accountant,AVAILABILITY,rpz.mypdns.cloud.list,/home/runner/work/rpz.mypdns.cloud/rpz.mypdns.cloud/rpz.mypdns.cloud.list,2021-01-26 22:11:20.354038
www.michelehawkinsloop.accountant,AVAILABILITY,rpz.mypdns.cloud.list,/home/runner/work/rpz.mypdns.cloud/rpz.mypdns.cloud/rpz.mypdns.cloud.list,2021-01-26 22:14:29.004169
opros247.accountant,AVAILABILITY,rpz.mypdns.cloud.list,/home/runner/work/rpz.mypdns.cloud/rpz.mypdns.cloud/rpz.mypdns.cloud.list,2021-01-26 22:17:37.128750
playwithwinners.accountant,AVAILABILITY,rpz.mypdns.cloud.list,/home/runner/work/rpz.mypdns.cloud/rpz.mypdns.cloud/rpz.mypdns.cloud.list,2021-01-26 22:20:51.205263
pornhubcom.accountant,AVAILABILITY,rpz.mypdns.cloud.list,/home/runner/work/rpz.mypdns.cloud/rpz.mypdns.cloud/rpz.mypdns.cloud.list,2021-01-26 22:24:02.522914
www.pornhubcom.accountant,AVAILABILITY,rpz.mypdns.cloud.list,/home/runner/work/rpz.mypdns.cloud/rpz.mypdns.cloud/rpz.mypdns.cloud.list,2021-01-26 22:53:25.207680
pornhubcom4.accountant,AVAILABILITY,rpz.mypdns.cloud.list,/home/runner/work/rpz.mypdns.cloud/rpz.mypdns.cloud/rpz.mypdns.cloud.list,2021-01-26 22:56:39.928309
www.pornhubcom4.accountant,AVAILABILITY,rpz.mypdns.cloud.list,/home/runner/work/rpz.mypdns.cloud/rpz.mypdns.cloud/rpz.mypdns.cloud.list,2021-01-26 22:59:58.000121
pro-support.accountant,AVAILABILITY,rpz.mypdns.cloud.list,/home/runner/work/rpz.mypdns.cloud/rpz.mypdns.cloud/rpz.mypdns.cloud.list,2021-01-26 23:02:42.296559
www.pro-support.accountant,AVAILABILITY,rpz.mypdns.cloud.list,/home/runner/work/rpz.mypdns.cloud/rpz.mypdns.cloud/rpz.mypdns.cloud.list,2021-01-26 23:05:26.290745
service-client-update.accountant,AVAILABILITY,rpz.mypdns.cloud.list,/home/runner/work/rpz.mypdns.cloud/rpz.mypdns.cloud/rpz.mypdns.cloud.list,2021-01-26 23:09:51.768069
www.service-client-update.accountant,AVAILABILITY,rpz.mypdns.cloud.list,/home/runner/work/rpz.mypdns.cloud/rpz.mypdns.cloud/rpz.mypdns.cloud.list,2021-01-26 23:12:33.370367
support-access.accountant,AVAILABILITY,rpz.mypdns.cloud.list,/home/runner/work/rpz.mypdns.cloud/rpz.mypdns.cloud/rpz.mypdns.cloud.list,2021-01-26 23:15:16.435164
www.support-access.accountant,AVAILABILITY,rpz.mypdns.cloud.list,/home/runner/work/rpz.mypdns.cloud/rpz.mypdns.cloud/rpz.mypdns.cloud.list,2021-01-26 23:17:59.745753
support-c9w5ngsuqkib6z.accountant,AVAILABILITY,rpz.mypdns.cloud.list,/home/runner/work/rpz.mypdns.cloud/rpz.mypdns.cloud/rpz.mypdns.cloud.list,2021-01-26 23:20:43.206746
support-it.accountant,AVAILABILITY,rpz.mypdns.cloud.list,/home/runner/work/rpz.mypdns.cloud/rpz.mypdns.cloud/rpz.mypdns.cloud.list,2021-01-26 23:23:27.302926
www.support-it.accountant,AVAILABILITY,rpz.mypdns.cloud.list,/home/runner/work/rpz.mypdns.cloud/rpz.mypdns.cloud/rpz.mypdns.cloud.list,2021-01-26 23:26:11.985309
support-mail-redirection.accountant,AVAILABILITY,rpz.mypdns.cloud.list,/home/runner/work/rpz.mypdns.cloud/rpz.mypdns.cloud/rpz.mypdns.cloud.list,2021-01-26 23:57:21.143996
www.support-mail-redirection.accountant,AVAILABILITY,rpz.mypdns.cloud.list,/home/runner/work/rpz.mypdns.cloud/rpz.mypdns.cloud/rpz.mypdns.cloud.list,2021-01-26 23:59:59.229890
support-pro.accountant,AVAILABILITY,rpz.mypdns.cloud.list,/home/runner/work/rpz.mypdns.cloud/rpz.mypdns.cloud/rpz.mypdns.cloud.list,2021-01-27 00:02:38.271890
www.support-pro.accountant,AVAILABILITY,rpz.mypdns.cloud.list,/home/runner/work/rpz.mypdns.cloud/rpz.mypdns.cloud/rpz.mypdns.cloud.list,2021-01-27 00:05:16.479522
support-tech.accountant,AVAILABILITY,rpz.mypdns.cloud.list,/home/runner/work/rpz.mypdns.cloud/rpz.mypdns.cloud/rpz.mypdns.cloud.list,2021-01-27 00:07:54.839865
www.support-tech.accountant,AVAILABILITY,rpz.mypdns.cloud.list,/home/runner/work/rpz.mypdns.cloud/rpz.mypdns.cloud/rpz.mypdns.cloud.list,2021-01-27 00:10:31.865393
support-wxm1o6wwi7qbqf6.accountant,AVAILABILITY,rpz.mypdns.cloud.list,/home/runner/work/rpz.mypdns.cloud/rpz.mypdns.cloud/rpz.mypdns.cloud.list,2021-01-27 00:13:09.045484
www.support-wxm1o6wwi7qbqf6.accountant,AVAILABILITY,rpz.mypdns.cloud.list,/home/runner/work/rpz.mypdns.cloud/rpz.mypdns.cloud/rpz.mypdns.cloud.list,2021-01-27 00:15:47.026014
supportaccess.accountant,AVAILABILITY,rpz.mypdns.cloud.list,/home/runner/work/rpz.mypdns.cloud/rpz.mypdns.cloud/rpz.mypdns.cloud.list,2021-01-27 00:18:55.409158
www.supportaccess.accountant,AVAILABILITY,rpz.mypdns.cloud.list,/home/runner/work/rpz.mypdns.cloud/rpz.mypdns.cloud/rpz.mypdns.cloud.list,2021-01-27 00:22:05.032070
supportcenter.accountant,AVAILABILITY,rpz.mypdns.cloud.list,/home/runner/work/rpz.mypdns.cloud/rpz.mypdns.cloud/rpz.mypdns.cloud.list,2021-01-27 00:25:18.120641
www.supportcenter.accountant,AVAILABILITY,rpz.mypdns.cloud.list,/home/runner/work/rpz.mypdns.cloud/rpz.mypdns.cloud/rpz.mypdns.cloud.list,2021-01-27 00:28:31.419235
supportcostume.accountant,AVAILABILITY,rpz.mypdns.cloud.list,/home/runner/work/rpz.mypdns.cloud/rpz.mypdns.cloud/rpz.mypdns.cloud.list,2021-01-27 00:31:41.207399
www.supportcostume.accountant,AVAILABILITY,rpz.mypdns.cloud.list,/home/runner/work/rpz.mypdns.cloud/rpz.mypdns.cloud/rpz.mypdns.cloud.list,2021-01-27 01:36:26.272462
supportit.accountant,AVAILABILITY,rpz.mypdns.cloud.list,/home/runner/work/rpz.mypdns.cloud/rpz.mypdns.cloud/rpz.mypdns.cloud.list,2021-01-27 01:39:34.527555
www.supportit.accountant,AVAILABILITY,rpz.mypdns.cloud.list,/home/runner/work/rpz.mypdns.cloud/rpz.mypdns.cloud/rpz.mypdns.cloud.list,2021-01-27 01:42:45.700519
supportpro.accountant,AVAILABILITY,rpz.mypdns.cloud.list,/home/runner/work/rpz.mypdns.cloud/rpz.mypdns.cloud/rpz.mypdns.cloud.list,2021-01-27 01:45:59.850586
www.supportpro.accountant,AVAILABILITY,rpz.mypdns.cloud.list,/home/runner/work/rpz.mypdns.cloud/rpz.mypdns.cloud/rpz.mypdns.cloud.list,2021-01-27 01:49:09.405882
supporttech.accountant,AVAILABILITY,rpz.mypdns.cloud.list,/home/runner/work/rpz.mypdns.cloud/rpz.mypdns.cloud/rpz.mypdns.cloud.list,2021-01-27 01:52:21.528585
www.supporttech.accountant,AVAILABILITY,rpz.mypdns.cloud.list,/home/runner/work/rpz.mypdns.cloud/rpz.mypdns.cloud/rpz.mypdns.cloud.list,2021-01-27 01:55:30.522226
threat-51ilqf6vwmd.accountant,AVAILABILITY,rpz.mypdns.cloud.list,/home/runner/work/rpz.mypdns.cloud/rpz.mypdns.cloud/rpz.mypdns.cloud.list,2021-01-27 01:58:08.255015
www.threat-51ilqf6vwmd.accountant,AVAILABILITY,rpz.mypdns.cloud.list,/home/runner/work/rpz.mypdns.cloud/rpz.mypdns.cloud/rpz.mypdns.cloud.list,2021-01-27 02:00:49.795542
threat-fa83oux50kgf.accountant,AVAILABILITY,rpz.mypdns.cloud.list,/home/runner/work/rpz.mypdns.cloud/rpz.mypdns.cloud/rpz.mypdns.cloud.list,2021-01-27 02:03:28.557394
www.threat-fa83oux50kgf.accountant,AVAILABILITY,rpz.mypdns.cloud.list,/home/runner/work/rpz.mypdns.cloud/rpz.mypdns.cloud/rpz.mypdns.cloud.list,2021-01-27 02:06:07.514371
tumblrcom.accountant,AVAILABILITY,rpz.mypdns.cloud.list,/home/runner/work/rpz.mypdns.cloud/rpz.mypdns.cloud/rpz.mypdns.cloud.list,2021-01-27 02:09:16.176915
www.tumblrcom.accountant,AVAILABILITY,rpz.mypdns.cloud.list,/home/runner/work/rpz.mypdns.cloud/rpz.mypdns.cloud/rpz.mypdns.cloud.list,2021-01-27 03:07:04.033317
virusinfectionnews.accountant,AVAILABILITY,rpz.mypdns.cloud.list,/home/runner/work/rpz.mypdns.cloud/rpz.mypdns.cloud/rpz.mypdns.cloud.list,2021-01-27 03:10:45.511804
www.virusinfectionnews.accountant,AVAILABILITY,rpz.mypdns.cloud.list,/home/runner/work/rpz.mypdns.cloud/rpz.mypdns.cloud/rpz.mypdns.cloud.list,2021-01-27 03:14:26.410067
window-c96w0gbbjft3uqg.accountant,AVAILABILITY,rpz.mypdns.cloud.list,/home/runner/work/rpz.mypdns.cloud/rpz.mypdns.cloud/rpz.mypdns.cloud.list,2021-01-27 03:17:30.854471
www.window-c96w0gbbjft3uqg.accountant,AVAILABILITY,rpz.mypdns.cloud.list,/home/runner/work/rpz.mypdns.cloud/rpz.mypdns.cloud/rpz.mypdns.cloud.list,2021-01-27 03:20:35.014635
www-adobe.accountant,AVAILABILITY,rpz.mypdns.cloud.list,/home/runner/work/rpz.mypdns.cloud/rpz.mypdns.cloud/rpz.mypdns.cloud.list,2021-01-27 03:23:39.025973
www.www-adobe.accountant,AVAILABILITY,rpz.mypdns.cloud.list,/home/runner/work/rpz.mypdns.cloud/rpz.mypdns.cloud/rpz.mypdns.cloud.list,2021-01-27 03:26:46.218276
www-apple.accountant,AVAILABILITY,rpz.mypdns.cloud.list,/home/runner/work/rpz.mypdns.cloud/rpz.mypdns.cloud/rpz.mypdns.cloud.list,2021-01-27 03:29:50.518672
www.www-apple.accountant,AVAILABILITY,rpz.mypdns.cloud.list,/home/runner/work/rpz.mypdns.cloud/rpz.mypdns.cloud/rpz.mypdns.cloud.list,2021-01-27 03:33:02.360911
www-apple110.accountant,AVAILABILITY,rpz.mypdns.cloud.list,/home/runner/work/rpz.mypdns.cloud/rpz.mypdns.cloud/rpz.mypdns.cloud.list,2021-01-27 03:36:12.730015
www.www-apple110.accountant,AVAILABILITY,rpz.mypdns.cloud.list,/home/runner/work/rpz.mypdns.cloud/rpz.mypdns.cloud/rpz.mypdns.cloud.list,2021-01-27 03:55:49.311540
www-pornhub.accountant,AVAILABILITY,rpz.mypdns.cloud.list,/home/runner/work/rpz.mypdns.cloud/rpz.mypdns.cloud/rpz.mypdns.cloud.list,2021-01-27 03:58:28.397566
www.www-pornhub.accountant,AVAILABILITY,rpz.mypdns.cloud.list,/home/runner/work/rpz.mypdns.cloud/rpz.mypdns.cloud/rpz.mypdns.cloud.list,2021-01-27 04:01:10.720892
wwwadobecom9.accountant,AVAILABILITY,rpz.mypdns.cloud.list,/home/runner/work/rpz.mypdns.cloud/rpz.mypdns.cloud/rpz.mypdns.cloud.list,2021-01-27 04:04:23.557697
www.wwwadobecom9.accountant,AVAILABILITY,rpz.mypdns.cloud.list,/home/runner/work/rpz.mypdns.cloud/rpz.mypdns.cloud/rpz.mypdns.cloud.list,2021-01-27 04:07:35.323855
mira81dropbox.accountants,AVAILABILITY,rpz.mypdns.cloud.list,/home/runner/work/rpz.mypdns.cloud/rpz.mypdns.cloud/rpz.mypdns.cloud.list,2021-01-27 04:10:43.719330
files.native.ad,AVAILABILITY,rpz.mypdns.cloud.list,/home/runner/work/rpz.mypdns.cloud/rpz.mypdns.cloud/rpz.mypdns.cloud.list,2021-01-27 04:18:41.457118
token.ad,AVAILABILITY,rpz.mypdns.cloud.list,/home/runner/work/rpz.mypdns.cloud/rpz.mypdns.cloud/rpz.mypdns.cloud.list,2021-01-27 04:22:25.594973
wwww.token.ad,AVAILABILITY,rpz.mypdns.cloud.list,/home/runner/work/rpz.mypdns.cloud/rpz.mypdns.cloud/rpz.mypdns.cloud.list,2021-01-27 04:25:36.531819
snapchat.adult,AVAILABILITY,rpz.mypdns.cloud.list,/home/runner/work/rpz.mypdns.cloud/rpz.mypdns.cloud/rpz.mypdns.cloud.list,2021-01-27 04:30:27.376672
www.snapchat.adult,AVAILABILITY,rpz.mypdns.cloud.list,/home/runner/work/rpz.mypdns.cloud/rpz.mypdns.cloud/rpz.mypdns.cloud.list,2021-01-27 05:06:41.473635
ads.7days.ae,AVAILABILITY,rpz.mypdns.cloud.list,/home/runner/work/rpz.mypdns.cloud/rpz.mypdns.cloud/rpz.mypdns.cloud.list,2021-01-27 05:11:34.000383
acsa.ae,AVAILABILITY,rpz.mypdns.cloud.list,/home/runner/work/rpz.mypdns.cloud/rpz.mypdns.cloud/rpz.mypdns.cloud.list,2021-01-27 05:14:48.142897
www.acsa.ae,AVAILABILITY,rpz.mypdns.cloud.list,/home/runner/work/rpz.mypdns.cloud/rpz.mypdns.cloud/rpz.mypdns.cloud.list,2021-01-27 05:17:57.438004
admissions.ae,AVAILABILITY,rpz.mypdns.cloud.list,/home/runner/work/rpz.mypdns.cloud/rpz.mypdns.cloud/rpz.mypdns.cloud.list,2021-01-27 05:23:20.029052
www.admissions.ae,AVAILABILITY,rpz.mypdns.cloud.list,/home/runner/work/rpz.mypdns.cloud/rpz.mypdns.cloud/rpz.mypdns.cloud.list,2021-01-27 05:26:28.220486
agripal.ae,AVAILABILITY,rpz.mypdns.cloud.list,/home/runner/work/rpz.mypdns.cloud/rpz.mypdns.cloud/rpz.mypdns.cloud.list,2021-01-27 05:29:37.022776
www.agripal.ae,AVAILABILITY,rpz.mypdns.cloud.list,/home/runner/work/rpz.mypdns.cloud/rpz.mypdns.cloud/rpz.mypdns.cloud.list,2021-01-27 05:32:45.751257
